<?xml version="1.0" encoding="UTF-8"?>
<!DOCTYPE hibernate-mapping PUBLIC  
          "-//Hibernate/Hibernate Mapping DTD 3.0//EN"  
          "http://hibernate.sourceforge.net/hibernate-mapping-3.0.dtd">  
  
<hibernate-mapping>  
 <class name="com.model.Employee" >  
   <id name="eId">  
     <generator class="increment"></generator>  
   </id>  
   <property name="eName"></property>           
   <list name="address" cascade="save-update">  
     <key column="id"></key>
     <index column="type"></index>  
     <one-to-many class="com.model.Address"></one-to-many>  <!--  in this list element stores the  -->
   </list>  
            
 </class> 
 
 <class name="com.model.Address" >  
    
   <id name="city"> 
   <generator class="assigned"/>
   </id>  
   <property name="country"></property>  
    <property name="pincode"></property>    
            
 </class>  
            
</hibernate-mapping>  